Date,Open,High,Low,Close,Adj Close,Volume,Ticker
2024-01-02,373.8599853515625,375.8999938964844,366.7699890136719,370.8699951171875,370.1854248046875,25258600,MSFT
2024-01-03,369.010009765625,373.260009765625,368.510009765625,370.6000061035156,369.9159240722656,23083500,MSFT
2024-01-04,370.6700134277344,373.1000061035156,367.1700134277344,367.94000244140625,367.2608337402344,20901500,MSFT
2024-01-05,368.9700012207031,372.05999755859375,366.5,367.75,367.0711975097656,20987000,MSFT
2024-01-08,369.29998779296875,375.20001220703125,369.010009765625,374.69000244140625,373.9983825683594,23134000,MSFT
2024-01-09,372.010009765625,375.989990234375,371.19000244140625,375.7900085449219,375.09637451171875,20830000,MSFT
2024-01-10,376.3699951171875,384.1700134277344,376.32000732421875,382.7699890136719,382.0634460449219,25514200,MSFT
2024-01-11,386.0,390.67999267578125,380.3800048828125,384.6300048828125,383.9200439453125,27850800,MSFT
2024-01-12,385.489990234375,388.67999267578125,384.6499938964844,388.4700012207031,387.7529602050781,21645700,MSFT
2024-01-16,393.6600036621094,394.0299987792969,387.6199951171875,390.2699890136719,389.54962158203125,27202300,MSFT
2024-01-17,387.9800109863281,390.1099853515625,384.80999755859375,389.4700012207031,388.7510986328125,22234100,MSFT
2024-01-18,391.7200012207031,393.989990234375,390.1199951171875,393.8699951171875,393.1429748535156,23392100,MSFT
2024-01-19,395.760009765625,398.6700134277344,393.5,398.6700134277344,397.93414306640625,29272000,MSFT
2024-01-22,400.0199890136719,400.6199951171875,393.5899963378906,396.510009765625,395.7781066894531,27016900,MSFT
2024-01-23,395.75,399.3800048828125,393.92999267578125,398.8999938964844,398.1636962890625,20525900,MSFT
2024-01-24,401.5400085449219,405.6300048828125,400.45001220703125,402.55999755859375,401.8169250488281,24867000,MSFT
2024-01-25,404.32000732421875,407.010009765625,402.5299987792969,404.8699951171875,404.1226806640625,21021200,MSFT
2024-01-26,404.3699951171875,406.1700134277344,402.42999267578125,403.92999267578125,403.1844177246094,17803300,MSFT
2024-01-29,406.05999755859375,409.9800109863281,404.3299865722656,409.7200012207031,408.9637145996094,24510200,MSFT
2024-01-30,412.260009765625,413.04998779296875,406.45001220703125,408.5899963378906,407.8358154296875,33477600,MSFT
2024-01-31,406.9599914550781,415.32000732421875,397.2099914550781,397.5799865722656,396.84613037109375,47871100,MSFT
2024-02-01,401.8299865722656,408.0,401.79998779296875,403.7799987792969,403.0346984863281,30657700,MSFT
2024-02-02,403.80999755859375,412.6499938964844,403.55999755859375,411.2200012207031,410.4609680175781,28245000,MSFT
2024-02-05,409.8999938964844,411.1600036621094,403.989990234375,405.6499938964844,404.9012451171875,25352300,MSFT
2024-02-06,405.8800048828125,407.9700012207031,402.9100036621094,405.489990234375,404.74151611328125,18382600,MSFT
2024-02-07,407.44000244140625,414.29998779296875,407.3999938964844,414.04998779296875,413.28570556640625,22340500,MSFT
2024-02-08,414.04998779296875,415.55999755859375,412.5299987792969,414.1099853515625,413.3456115722656,21225300,MSFT
2024-02-09,415.25,420.82000732421875,415.0899963378906,420.54998779296875,419.7737121582031,22032800,MSFT
2024-02-12,420.55999755859375,420.739990234375,414.75,415.260009765625,414.4934997558594,21202900,MSFT
2024-02-13,404.94000244140625,410.07000732421875,403.3900146484375,406.32000732421875,405.57000732421875,27824900,MSFT
2024-02-14,408.07000732421875,409.8399963378906,404.57000732421875,409.489990234375,409.489990234375,20401200,MSFT
2024-02-15,408.1400146484375,409.1300048828125,404.2900085449219,406.55999755859375,406.55999755859375,21825500,MSFT
2024-02-16,407.9599914550781,408.2900085449219,403.44000244140625,404.05999755859375,404.05999755859375,22281100,MSFT
2024-02-20,403.239990234375,404.489990234375,398.010009765625,402.7900085449219,402.7900085449219,24307900,MSFT
2024-02-21,400.1700134277344,402.2900085449219,397.2200012207031,402.17999267578125,402.17999267578125,18631100,MSFT
2024-02-22,410.19000244140625,412.8299865722656,408.57000732421875,411.6499938964844,411.6499938964844,27009900,MSFT
2024-02-23,415.6700134277344,415.8599853515625,408.9700012207031,410.3399963378906,410.3399963378906,16295900,MSFT
2024-02-26,411.4599914550781,412.1600036621094,407.3599853515625,407.5400085449219,407.5400085449219,16193500,MSFT
2024-02-27,407.989990234375,408.32000732421875,403.8500061035156,407.4800109863281,407.4800109863281,14835800,MSFT
2024-02-28,408.17999267578125,409.29998779296875,405.32000732421875,407.7200012207031,407.7200012207031,13183100,MSFT
2024-02-29,408.6400146484375,414.20001220703125,405.9200134277344,413.6400146484375,413.6400146484375,31947300,MSFT
2024-03-01,411.2699890136719,415.8699951171875,410.8800048828125,415.5,415.5,17800300,MSFT
2024-03-04,413.44000244140625,417.3500061035156,412.32000732421875,414.9200134277344,414.9200134277344,17596000,MSFT
2024-03-05,413.9599914550781,414.25,400.6400146484375,402.6499938964844,402.6499938964844,26919200,MSFT
2024-03-06,402.9700012207031,405.1600036621094,398.3900146484375,402.0899963378906,402.0899963378906,22344100,MSFT
2024-03-07,406.1199951171875,409.7799987792969,402.239990234375,409.1400146484375,409.1400146484375,18718500,MSFT
2024-03-08,407.9599914550781,410.4200134277344,404.3299865722656,406.2200012207031,406.2200012207031,17971700,MSFT
2024-03-11,403.760009765625,405.67999267578125,401.260009765625,404.5199890136719,404.5199890136719,16120800,MSFT
2024-03-12,407.6199951171875,415.57000732421875,406.7900085449219,415.2799987792969,415.2799987792969,22457000,MSFT
2024-03-13,418.1000061035156,418.17999267578125,411.45001220703125,415.1000061035156,415.1000061035156,17115900,MSFT
2024-03-14,420.239990234375,427.82000732421875,417.989990234375,425.2200012207031,425.2200012207031,34157300,MSFT
2024-03-15,419.2900085449219,422.6000061035156,412.7900085449219,416.4200134277344,416.4200134277344,45049800,MSFT
2024-03-18,414.25,420.7300109863281,413.7799987792969,417.32000732421875,417.32000732421875,20106000,MSFT
2024-03-19,417.8299865722656,421.6700134277344,415.54998779296875,421.4100036621094,421.4100036621094,19837900,MSFT
2024-03-20,422.0,425.9599914550781,420.6600036621094,425.2300109863281,425.2300109863281,17860100,MSFT
2024-03-21,429.8299865722656,430.82000732421875,427.1600036621094,429.3699951171875,429.3699951171875,21296200,MSFT
2024-03-22,429.70001220703125,429.8599853515625,426.07000732421875,428.739990234375,428.739990234375,17636500,MSFT
2024-03-25,425.239990234375,427.4100036621094,421.6099853515625,422.8599853515625,422.8599853515625,18060500,MSFT
2024-03-26,425.6099853515625,425.989990234375,421.3500061035156,421.6499938964844,421.6499938964844,16725600,MSFT
2024-03-27,424.44000244140625,424.45001220703125,419.010009765625,421.42999267578125,421.42999267578125,16705000,MSFT
2024-03-28,420.9599914550781,421.8699951171875,419.1199951171875,420.7200012207031,420.7200012207031,21871200,MSFT
2024-01-02,187.14999389648438,188.44000244140625,183.88999938964844,185.63999938964844,185.40341186523438,82488700,AAPL
2024-01-03,184.22000122070312,185.8800048828125,183.42999267578125,184.25,184.01519775390625,58414500,AAPL
2024-01-04,182.14999389648438,183.08999633789062,180.8800048828125,181.91000366210938,181.6781768798828,71983600,AAPL
2024-01-05,181.99000549316406,182.75999450683594,180.1699981689453,181.17999267578125,180.9490966796875,62303300,AAPL
2024-01-08,182.08999633789062,185.60000610351562,181.5,185.55999755859375,185.32351684570312,59144500,AAPL
2024-01-09,183.9199981689453,185.14999389648438,182.72999572753906,185.13999938964844,184.904052734375,42841800,AAPL
2024-01-10,184.35000610351562,186.39999389648438,183.9199981689453,186.19000244140625,185.9527130126953,46792900,AAPL
2024-01-11,186.5399932861328,187.0500030517578,183.6199951171875,185.58999633789062,185.35348510742188,49128400,AAPL
2024-01-12,186.05999755859375,186.74000549316406,185.19000244140625,185.9199981689453,185.6830596923828,40444700,AAPL
2024-01-16,182.16000366210938,184.25999450683594,180.92999267578125,183.6300048828125,183.39598083496094,65603000,AAPL
2024-01-17,181.27000427246094,182.92999267578125,180.3000030517578,182.67999267578125,182.4471893310547,47317400,AAPL
2024-01-18,186.08999633789062,189.13999938964844,185.8300018310547,188.6300048828125,188.38961791992188,78005800,AAPL
2024-01-19,189.3300018310547,191.9499969482422,188.82000732421875,191.55999755859375,191.3158721923828,68741000,AAPL
2024-01-22,192.3000030517578,195.3300018310547,192.25999450683594,193.88999938964844,193.6428985595703,60133900,AAPL
2024-01-23,195.02000427246094,195.75,193.8300018310547,195.17999267578125,194.93125915527344,42355600,AAPL
2024-01-24,195.4199981689453,196.3800048828125,194.33999633789062,194.5,194.2521209716797,53631300,AAPL
2024-01-25,195.22000122070312,196.27000427246094,193.11000061035156,194.1699981689453,193.92254638671875,54822100,AAPL
2024-01-26,194.27000427246094,194.75999450683594,191.94000244140625,192.4199981689453,192.17477416992188,44594000,AAPL
2024-01-29,192.00999450683594,192.1999969482422,189.5800018310547,191.72999572753906,191.48565673828125,47145600,AAPL
2024-01-30,190.94000244140625,191.8000030517578,187.47000122070312,188.0399932861328,187.80035400390625,55859400,AAPL
2024-01-31,187.0399932861328,187.10000610351562,184.35000610351562,184.39999389648438,184.1649932861328,55467800,AAPL
2024-02-01,183.99000549316406,186.9499969482422,183.82000732421875,186.86000061035156,186.6218719482422,64885400,AAPL
2024-02-02,179.86000061035156,187.3300018310547,179.25,185.85000610351562,185.6131591796875,102518000,AAPL
2024-02-05,188.14999389648438,189.25,185.83999633789062,187.67999267578125,187.44081115722656,69668800,AAPL
2024-02-06,186.86000061035156,189.30999755859375,186.77000427246094,189.3000030517578,189.0587615966797,43490800,AAPL
2024-02-07,190.63999938964844,191.0500030517578,188.61000061035156,189.41000366210938,189.1686248779297,53439000,AAPL
2024-02-08,189.38999938964844,189.5399932861328,187.35000610351562,188.32000732421875,188.08001708984375,40962000,AAPL
2024-02-09,188.64999389648438,189.99000549316406,188.0,188.85000610351562,188.85000610351562,45155200,AAPL
2024-02-12,188.4199981689453,188.6699981689453,186.7899932861328,187.14999389648438,187.14999389648438,41781900,AAPL
2024-02-13,185.77000427246094,186.2100067138672,183.50999450683594,185.0399932861328,185.0399932861328,56529500,AAPL
2024-02-14,185.32000732421875,185.52999877929688,182.44000244140625,184.14999389648438,184.14999389648438,54630500,AAPL
2024-02-15,183.5500030517578,184.49000549316406,181.35000610351562,183.86000061035156,183.86000061035156,65434500,AAPL
2024-02-16,183.4199981689453,184.85000610351562,181.6699981689453,182.30999755859375,182.30999755859375,49701400,AAPL
2024-02-20,181.7899932861328,182.42999267578125,180.0,181.55999755859375,181.55999755859375,53665600,AAPL
2024-02-21,181.94000244140625,182.88999938964844,180.66000366210938,182.32000732421875,182.32000732421875,41529700,AAPL
2024-02-22,183.47999572753906,184.9600067138672,182.4600067138672,184.3699951171875,184.3699951171875,52292200,AAPL
2024-02-23,185.00999450683594,185.0399932861328,182.22999572753906,182.52000427246094,182.52000427246094,45119700,AAPL
2024-02-26,182.24000549316406,182.75999450683594,180.64999389648438,181.16000366210938,181.16000366210938,40867400,AAPL
2024-02-27,181.10000610351562,183.9199981689453,179.55999755859375,182.6300048828125,182.6300048828125,54318900,AAPL
2024-02-28,182.50999450683594,183.1199951171875,180.1300048828125,181.4199981689453,181.4199981689453,48953900,AAPL
2024-02-29,181.27000427246094,182.57000732421875,179.52999877929688,180.75,180.75,136682600,AAPL
2024-03-01,179.5500030517578,180.52999877929688,177.3800048828125,179.66000366210938,179.66000366210938,73488000,AAPL
2024-03-04,176.14999389648438,176.89999389648438,173.7899932861328,175.10000610351562,175.10000610351562,81510100,AAPL
2024-03-05,170.75999450683594,172.0399932861328,169.6199951171875,170.1199951171875,170.1199951171875,95132400,AAPL
2024-03-06,171.05999755859375,171.24000549316406,168.67999267578125,169.1199951171875,169.1199951171875,68587700,AAPL
2024-03-07,169.14999389648438,170.72999572753906,168.49000549316406,169.0,169.0,71765100,AAPL
2024-03-08,169.0,173.6999969482422,168.94000244140625,170.72999572753906,170.72999572753906,76114600,AAPL
2024-03-11,172.94000244140625,174.3800048828125,172.0500030517578,172.75,172.75,60139500,AAPL
2024-03-12,173.14999389648438,174.02999877929688,171.00999450683594,173.22999572753906,173.22999572753906,59825400,AAPL
2024-03-13,172.77000427246094,173.19000244140625,170.75999450683594,171.1300048828125,171.1300048828125,52488700,AAPL
2024-03-14,172.91000366210938,174.30999755859375,172.0500030517578,173.0,173.0,72913500,AAPL
2024-03-15,171.1699981689453,172.6199951171875,170.2899932861328,172.6199951171875,172.6199951171875,121664700,AAPL
2024-03-18,175.57000732421875,177.7100067138672,173.52000427246094,173.72000122070312,173.72000122070312,75604200,AAPL
2024-03-19,174.33999633789062,176.61000061035156,173.02999877929688,176.0800018310547,176.0800018310547,55215200,AAPL
2024-03-20,175.72000122070312,178.6699981689453,175.08999633789062,178.6699981689453,178.6699981689453,53423100,AAPL
2024-03-21,177.0500030517578,177.49000549316406,170.83999633789062,171.3699951171875,171.3699951171875,106181300,AAPL
2024-03-22,171.75999450683594,173.0500030517578,170.05999755859375,172.27999877929688,172.27999877929688,71106600,AAPL
2024-03-25,170.57000732421875,171.94000244140625,169.4499969482422,170.85000610351562,170.85000610351562,54288300,AAPL
2024-03-26,170.0,171.4199981689453,169.5800018310547,169.7100067138672,169.7100067138672,57388400,AAPL
2024-03-27,170.41000366210938,173.60000610351562,170.11000061035156,173.30999755859375,173.30999755859375,60273300,AAPL
2024-03-28,171.75,172.22999572753906,170.50999450683594,171.47999572753906,171.47999572753906,65672700,AAPL
2024-01-02,492.44000244140625,492.95001220703125,475.95001220703125,481.67999267578125,481.65740966796875,41125400,NVDA
2024-01-03,474.8500061035156,481.8399963378906,473.20001220703125,475.69000244140625,475.6676940917969,32089600,NVDA
2024-01-04,477.6700134277344,485.0,475.0799865722656,479.9800109863281,479.9574890136719,30653500,NVDA
2024-01-05,484.6199951171875,495.4700012207031,483.05999755859375,490.9700012207031,490.94696044921875,41456800,NVDA
2024-01-08,495.1199951171875,522.75,494.7900085449219,522.530029296875,522.5054931640625,64251000,NVDA
2024-01-09,524.010009765625,543.25,516.9000244140625,531.4000244140625,531.3751220703125,77310000,NVDA
2024-01-10,536.1599731445312,546.0,534.8900146484375,543.5,543.4744873046875,53379600,NVDA
2024-01-11,549.989990234375,553.4600219726562,535.5999755859375,548.219970703125,548.1942749023438,59675900,NVDA
2024-01-12,546.2000122070312,549.7000122070312,543.2999877929688,547.0999755859375,547.0743408203125,35247900,NVDA
2024-01-16,550.1799926757812,568.3499755859375,549.0,563.8200073242188,563.7935791015625,44958000,NVDA
2024-01-17,563.469970703125,564.7100219726562,547.4000244140625,560.530029296875,560.5037231445312,47439400,NVDA
2024-01-18,572.5999755859375,576.0,561.0700073242188,571.0700073242188,571.043212890625,49165000,NVDA
2024-01-19,579.8900146484375,595.0,572.25,594.9099731445312,594.882080078125,54210300,NVDA
2024-01-22,600.489990234375,603.3099975585938,590.7000122070312,596.5399780273438,596.5120239257812,45295500,NVDA
2024-01-23,595.7000122070312,599.0999755859375,585.8499755859375,598.72998046875,598.701904296875,29465400,NVDA
2024-01-24,603.0399780273438,628.489990234375,599.3800048828125,613.6199951171875,613.5911865234375,56027100,NVDA
2024-01-25,623.5,627.1900024414062,608.5,616.1699829101562,616.1410522460938,48277700,NVDA
2024-01-26,609.5999755859375,617.8300170898438,605.72998046875,610.3099975585938,610.2813720703125,39030900,NVDA
2024-01-29,612.3200073242188,624.8900146484375,609.0700073242188,624.6500244140625,624.6207275390625,34873300,NVDA
2024-01-30,629.0,634.9299926757812,622.5999755859375,627.739990234375,627.7105712890625,41073500,NVDA
2024-01-31,614.4000244140625,622.6900024414062,607.0,615.27001953125,615.2411499023438,45379500,NVDA
2024-02-01,621.0,631.9099731445312,616.5,630.27001953125,630.240478515625,36914600,NVDA
2024-02-02,639.739990234375,666.0,636.9000244140625,661.5999755859375,661.5689697265625,47578000,NVDA
2024-02-05,682.25,694.969970703125,672.0499877929688,693.3200073242188,693.2874755859375,68007800,NVDA
2024-02-06,696.2999877929688,697.5399780273438,663.0,682.22998046875,682.197998046875,68311100,NVDA
2024-02-07,683.1900024414062,702.2000122070312,676.0,700.989990234375,700.9570922851562,49557500,NVDA
2024-02-08,700.739990234375,707.9400024414062,694.5499877929688,696.4099731445312,696.3773193359375,41442200,NVDA
2024-02-09,705.3300170898438,721.8499755859375,702.1199951171875,721.3300170898438,721.2962036132812,43663700,NVDA
2024-02-12,726.0,746.1099853515625,712.5,722.47998046875,722.4461059570312,61371000,NVDA
2024-02-13,704.0,734.5,696.2000122070312,721.280029296875,721.2462158203125,60258000,NVDA
2024-02-14,732.02001953125,742.3599853515625,719.3800048828125,739.0,738.96533203125,50491700,NVDA
2024-02-15,738.6900024414062,739.75,724.0,726.5800170898438,726.5459594726562,42012200,NVDA
2024-02-16,741.0,744.02001953125,725.010009765625,726.1300048828125,726.095947265625,49391800,NVDA
2024-02-20,719.469970703125,719.5599975585938,677.3400268554688,694.52001953125,694.4874267578125,70483300,NVDA
2024-02-21,680.0599975585938,688.8800048828125,662.47998046875,674.719970703125,674.6882934570312,69029800,NVDA
2024-02-22,750.25,785.75,742.2000122070312,785.3800048828125,785.3431396484375,86510000,NVDA
2024-02-23,807.9000244140625,823.9400024414062,775.7000122070312,788.1699829101562,788.1329956054688,82938800,NVDA
2024-02-26,797.0,806.4600219726562,785.0499877929688,790.9199829101562,790.8828735351562,50397300,NVDA
2024-02-27,793.8099975585938,794.7999877929688,771.6199951171875,787.010009765625,786.9730834960938,39170500,NVDA
2024-02-28,776.2000122070312,789.3300170898438,771.25,776.6300048828125,776.5935668945312,39311000,NVDA
2024-02-29,790.9400024414062,799.9000244140625,783.5,791.1199951171875,791.0828857421875,50728900,NVDA
2024-03-01,800.0,823.0,794.3499755859375,822.7899780273438,822.7514038085938,47677700,NVDA
2024-03-04,841.2999877929688,876.9500122070312,837.1900024414062,852.3699951171875,852.3300170898438,61561600,NVDA
2024-03-05,852.7000122070312,860.969970703125,834.1699829101562,859.6400146484375,859.6400146484375,52063900,NVDA
2024-03-06,880.219970703125,897.239990234375,870.2999877929688,887.0,887.0,58252000,NVDA
2024-03-07,901.5800170898438,927.6699829101562,896.02001953125,926.6900024414062,926.6900024414062,60811900,NVDA
2024-03-08,951.3800048828125,974.0,865.0599975585938,875.280029296875,875.280029296875,113299600,NVDA
2024-03-11,864.2899780273438,887.969970703125,841.6599731445312,857.739990234375,857.739990234375,67836400,NVDA
2024-03-12,880.489990234375,919.5999755859375,861.5,919.1300048828125,919.1300048828125,66807500,NVDA
2024-03-13,910.5499877929688,915.0399780273438,884.3499755859375,908.8800048828125,908.8800048828125,63571300,NVDA
2024-03-14,895.77001953125,906.4600219726562,866.0,879.4400024414062,879.4400024414062,60231800,NVDA
2024-03-15,869.2999877929688,895.4600219726562,862.5700073242188,878.3699951171875,878.3699951171875,64019300,NVDA
2024-03-18,903.8800048828125,924.0499877929688,870.8499755859375,884.5499877929688,884.5499877929688,66897600,NVDA
2024-03-19,867.0,905.4400024414062,850.0999755859375,893.97998046875,893.97998046875,67217100,NVDA
2024-03-20,897.969970703125,904.0999755859375,882.22998046875,903.719970703125,903.719970703125,47906300,NVDA
2024-03-21,923.0,926.47998046875,904.0499877929688,914.3499755859375,914.3499755859375,48037200,NVDA
2024-03-22,911.4099731445312,947.780029296875,908.3400268554688,942.8900146484375,942.8900146484375,58521500,NVDA
2024-03-25,939.4099731445312,967.6599731445312,935.0999755859375,950.02001953125,950.02001953125,55213600,NVDA
2024-03-26,958.510009765625,963.75,925.02001953125,925.6099853515625,925.6099853515625,51364800,NVDA
2024-03-27,931.1199951171875,932.4000244140625,891.22998046875,902.5,902.5,58606700,NVDA
2024-03-28,900.0,913.0,891.9299926757812,903.5599975585938,903.5599975585938,43521200,NVDA
2024-01-02,151.5399932861328,152.3800048828125,148.38999938964844,149.92999267578125,149.92999267578125,47339400,AMZN
2024-01-03,149.1999969482422,151.0500030517578,148.3300018310547,148.47000122070312,148.47000122070312,49425500,AMZN
2024-01-04,145.58999633789062,147.3800048828125,144.0500030517578,144.57000732421875,144.57000732421875,56039800,AMZN
2024-01-05,144.69000244140625,146.58999633789062,144.52999877929688,145.24000549316406,145.24000549316406,45124800,AMZN
2024-01-08,146.74000549316406,149.39999389648438,146.14999389648438,149.10000610351562,149.10000610351562,46757100,AMZN
2024-01-09,148.3300018310547,151.7100067138672,148.2100067138672,151.3699951171875,151.3699951171875,43812600,AMZN
2024-01-10,152.05999755859375,154.4199981689453,151.8800048828125,153.72999572753906,153.72999572753906,44421800,AMZN
2024-01-11,155.0399932861328,157.1699981689453,153.1199951171875,155.17999267578125,155.17999267578125,49072700,AMZN
2024-01-12,155.38999938964844,156.1999969482422,154.00999450683594,154.6199951171875,154.6199951171875,40460300,AMZN
2024-01-16,153.52999877929688,154.99000549316406,152.14999389648438,153.16000366210938,153.16000366210938,41384600,AMZN
2024-01-17,151.49000549316406,152.14999389648438,149.91000366210938,151.7100067138672,151.7100067138672,34953400,AMZN
2024-01-18,152.77000427246094,153.77999877929688,151.82000732421875,153.5,153.5,37850200,AMZN
2024-01-19,153.8300018310547,155.75999450683594,152.74000549316406,155.33999633789062,155.33999633789062,51033700,AMZN
2024-01-22,156.88999938964844,157.0500030517578,153.89999389648438,154.77999877929688,154.77999877929688,43687500,AMZN
2024-01-23,154.85000610351562,156.2100067138672,153.92999267578125,156.02000427246094,156.02000427246094,37986000,AMZN
2024-01-24,157.8000030517578,158.50999450683594,156.47999572753906,156.8699951171875,156.8699951171875,48547300,AMZN
2024-01-25,156.9499969482422,158.50999450683594,154.5500030517578,157.75,157.75,43638600,AMZN
2024-01-26,158.4199981689453,160.72000122070312,157.91000366210938,159.1199951171875,159.1199951171875,51047400,AMZN
2024-01-29,159.33999633789062,161.2899932861328,158.89999389648438,161.25999450683594,161.25999450683594,45270400,AMZN
2024-01-30,160.6999969482422,161.72999572753906,158.49000549316406,159.0,159.0,45207400,AMZN
2024-01-31,157.0,159.00999450683594,154.80999755859375,155.1999969482422,155.1999969482422,50284400,AMZN
2024-02-01,155.8699951171875,159.75999450683594,155.6199951171875,159.27999877929688,159.27999877929688,76542400,AMZN
2024-02-02,169.19000244140625,172.5,167.3300018310547,171.80999755859375,171.80999755859375,117154900,AMZN
2024-02-05,170.1999969482422,170.5500030517578,167.6999969482422,170.30999755859375,170.30999755859375,55081300,AMZN
2024-02-06,169.38999938964844,170.7100067138672,167.64999389648438,169.14999389648438,169.14999389648438,42505500,AMZN
2024-02-07,169.47999572753906,170.8800048828125,168.94000244140625,170.52999877929688,170.52999877929688,47174100,AMZN
2024-02-08,169.64999389648438,171.42999267578125,168.8800048828125,169.83999633789062,169.83999633789062,42316500,AMZN
2024-02-09,170.89999389648438,175.0,170.5800018310547,174.4499969482422,174.4499969482422,56986000,AMZN
2024-02-12,174.8000030517578,175.38999938964844,171.5399932861328,172.33999633789062,172.33999633789062,51050400,AMZN
2024-02-13,167.72999572753906,170.9499969482422,165.75,168.63999938964844,168.63999938964844,56345100,AMZN
2024-02-14,169.2100067138672,171.2100067138672,168.27999877929688,170.97999572753906,170.97999572753906,42815500,AMZN
2024-02-15,170.5800018310547,171.1699981689453,167.58999633789062,169.8000030517578,169.8000030517578,49855200,AMZN
2024-02-16,168.74000549316406,170.4199981689453,167.1699981689453,169.50999450683594,169.50999450683594,48074600,AMZN
2024-02-20,167.8300018310547,168.7100067138672,165.74000549316406,167.0800018310547,167.0800018310547,41980300,AMZN
2024-02-21,168.94000244140625,170.22999572753906,167.13999938964844,168.58999633789062,168.58999633789062,44575600,AMZN
2024-02-22,173.10000610351562,174.8000030517578,171.77000427246094,174.5800018310547,174.5800018310547,55392400,AMZN
2024-02-23,174.27999877929688,175.75,173.6999969482422,174.99000549316406,174.99000549316406,59715200,AMZN
2024-02-26,175.6999969482422,176.3699951171875,174.25999450683594,174.72999572753906,174.72999572753906,44368600,AMZN
2024-02-27,174.0800018310547,174.6199951171875,172.86000061035156,173.5399932861328,173.5399932861328,31141700,AMZN
2024-02-28,172.44000244140625,174.0500030517578,172.27000427246094,173.16000366210938,173.16000366210938,28180500,AMZN
2024-02-29,173.00999450683594,177.22000122070312,172.85000610351562,176.75999450683594,176.75999450683594,53805400,AMZN
2024-03-01,176.75,178.72999572753906,176.07000732421875,178.22000122070312,178.22000122070312,31956200,AMZN
2024-03-04,177.52999877929688,180.13999938964844,177.49000549316406,177.5800018310547,177.5800018310547,37381500,AMZN
2024-03-05,176.92999267578125,176.92999267578125,173.3000030517578,174.1199951171875,174.1199951171875,37228300,AMZN
2024-03-06,175.5399932861328,176.4600067138672,173.25999450683594,173.50999450683594,173.50999450683594,32090900,AMZN
2024-03-07,174.8300018310547,177.99000549316406,173.72000122070312,176.82000732421875,176.82000732421875,34063300,AMZN
2024-03-08,176.44000244140625,178.7899932861328,174.3300018310547,175.35000610351562,175.35000610351562,37853500,AMZN
2024-03-11,174.30999755859375,174.47000122070312,171.47000122070312,171.9600067138672,171.9600067138672,28484800,AMZN
2024-03-12,173.5,176.75999450683594,171.97999572753906,175.38999938964844,175.38999938964844,36610600,AMZN
2024-03-13,175.89999389648438,177.6199951171875,175.5500030517578,176.55999755859375,176.55999755859375,30772600,AMZN
2024-03-14,177.69000244140625,179.52999877929688,176.47000122070312,178.75,178.75,43705800,AMZN
2024-03-15,176.63999938964844,177.92999267578125,173.89999389648438,174.4199981689453,174.4199981689453,72115500,AMZN
2024-03-18,175.8000030517578,176.69000244140625,174.27999877929688,174.47999572753906,174.47999572753906,31250700,AMZN
2024-03-19,174.22000122070312,176.08999633789062,173.52000427246094,175.89999389648438,175.89999389648438,26880900,AMZN
2024-03-20,176.13999938964844,178.52999877929688,174.63999938964844,178.14999389648438,178.14999389648438,29947200,AMZN
2024-03-21,179.99000549316406,181.4199981689453,178.14999389648438,178.14999389648438,178.14999389648438,32824300,AMZN
2024-03-22,177.75,179.25999450683594,176.75,178.8699951171875,178.8699951171875,27964100,AMZN
2024-03-25,178.00999450683594,180.99000549316406,177.24000549316406,179.7100067138672,179.7100067138672,29815500,AMZN
2024-03-26,180.14999389648438,180.4499969482422,177.9499969482422,178.3000030517578,178.3000030517578,29659000,AMZN
2024-03-27,179.8800048828125,180.0,177.30999755859375,179.8300018310547,179.8300018310547,33272600,AMZN
2024-03-28,180.1699981689453,181.6999969482422,179.25999450683594,180.3800048828125,180.3800048828125,38051600,AMZN
2024-01-02,139.60000610351562,140.61500549316406,137.74000549316406,139.55999755859375,139.55999755859375,20071900,GOOG
2024-01-03,138.60000610351562,141.08999633789062,138.42999267578125,140.36000061035156,140.36000061035156,18974300,GOOG
2024-01-04,139.85000610351562,140.63499450683594,138.00999450683594,138.0399932861328,138.0399932861328,18253300,GOOG
2024-01-05,138.3520050048828,138.80999755859375,136.85000610351562,137.38999938964844,137.38999938964844,15433200,GOOG
2024-01-08,138.0,140.63999938964844,137.8800048828125,140.52999877929688,140.52999877929688,17645300,GOOG
2024-01-09,140.05999755859375,142.8000030517578,139.7899932861328,142.55999755859375,142.55999755859375,19579700,GOOG
2024-01-10,142.52000427246094,144.52499389648438,142.4600067138672,143.8000030517578,143.8000030517578,16641900,GOOG
2024-01-11,144.89500427246094,146.66000366210938,142.21499633789062,143.6699981689453,143.6699981689453,17471100,GOOG
2024-01-12,144.33999633789062,144.74000549316406,143.36000061035156,144.24000549316406,144.24000549316406,13995200,GOOG
2024-01-16,143.42999267578125,145.83999633789062,143.05599975585938,144.0800018310547,144.0800018310547,19198900,GOOG
2024-01-17,142.91000366210938,143.41000366210938,140.50999450683594,142.88999938964844,142.88999938964844,17884500,GOOG
2024-01-18,143.44000244140625,145.5850067138672,143.35000610351562,144.99000549316406,144.99000549316406,18876800,GOOG
2024-01-19,146.30499267578125,148.0399932861328,145.8000030517578,147.97000122070312,147.97000122070312,27170900,GOOG
2024-01-22,148.7100067138672,150.01499938964844,147.5800018310547,147.7100067138672,147.7100067138672,21829200,GOOG
2024-01-23,147.72000122070312,148.86000061035156,147.19000244140625,148.67999267578125,148.67999267578125,14113600,GOOG
2024-01-24,150.2899932861328,151.57000732421875,149.83999633789062,150.35000610351562,150.35000610351562,19245000,GOOG
2024-01-25,151.74000549316406,154.75999450683594,151.22000122070312,153.63999938964844,153.63999938964844,21495100,GOOG
2024-01-26,152.8699951171875,154.11000061035156,152.8000030517578,153.7899932861328,153.7899932861328,19494500,GOOG
2024-01-29,153.63999938964844,155.1999969482422,152.9199981689453,154.83999633789062,154.83999633789062,20909300,GOOG
2024-01-30,154.00999450683594,155.0399932861328,152.77499389648438,153.0500030517578,153.0500030517578,26578900,GOOG
2024-01-31,145.38999938964844,145.58999633789062,141.5500030517578,141.8000030517578,141.8000030517578,43908600,GOOG
2024-02-01,143.69000244140625,144.6199951171875,142.25999450683594,142.7100067138672,142.7100067138672,25526900,GOOG
2024-02-02,140.88999938964844,143.8800048828125,138.1699981689453,143.5399932861328,143.5399932861328,42116900,GOOG
2024-02-05,144.0399932861328,146.6699981689453,143.91000366210938,144.92999267578125,144.92999267578125,29254400,GOOG
2024-02-06,145.9600067138672,146.74000549316406,144.52000427246094,145.41000366210938,145.41000366210938,21517700,GOOG
2024-02-07,146.1199951171875,147.0,145.2100067138672,146.67999267578125,146.67999267578125,21436100,GOOG
2024-02-08,146.97000122070312,147.61000061035156,146.4199981689453,147.22000122070312,147.22000122070312,18241300,GOOG
2024-02-09,147.9499969482422,150.69500732421875,147.42999267578125,150.22000122070312,150.22000122070312,21877700,GOOG
2024-02-12,149.5399932861328,150.58999633789062,148.55999755859375,148.72999572753906,148.72999572753906,17236100,GOOG
2024-02-13,146.07000732421875,148.0399932861328,145.11000061035156,146.3699951171875,146.3699951171875,18138500,GOOG
2024-02-14,147.3699951171875,147.8300018310547,145.55499267578125,147.13999938964844,147.13999938964844,16651800,GOOG
2024-02-15,144.4600067138672,144.75999450683594,141.8800048828125,143.94000244140625,143.94000244140625,26724300,GOOG
2024-02-16,144.2100067138672,144.47999572753906,141.52000427246094,141.75999450683594,141.75999450683594,21849700,GOOG
2024-02-20,140.94000244140625,143.32899475097656,140.8000030517578,142.1999969482422,142.1999969482422,18625600,GOOG
2024-02-21,142.63999938964844,143.97999572753906,141.91000366210938,143.83999633789062,143.83999633789062,16499600,GOOG
2024-02-22,146.1199951171875,146.1999969482422,144.00999450683594,145.32000732421875,145.32000732421875,23024700,GOOG
2024-02-23,144.97000122070312,145.9550018310547,144.7899932861328,145.2899932861328,145.2899932861328,14519400,GOOG
2024-02-26,143.4499969482422,143.83999633789062,138.74000549316406,138.75,138.75,33513000,GOOG
2024-02-27,139.41000366210938,140.49000549316406,138.5,140.10000610351562,140.10000610351562,22364000,GOOG
2024-02-28,139.10000610351562,139.27999877929688,136.63999938964844,137.42999267578125,137.42999267578125,30628700,GOOG
2024-02-29,138.35000610351562,139.9499969482422,137.57000732421875,139.77999877929688,139.77999877929688,35485000,GOOG
2024-03-01,139.61000061035156,140.0,137.97500610351562,138.0800018310547,138.0800018310547,28522000,GOOG
2024-03-04,136.5399932861328,136.6300048828125,132.86000061035156,134.1999969482422,134.1999969482422,43571500,GOOG
2024-03-05,132.74000549316406,134.02000427246094,131.5500030517578,133.77999877929688,133.77999877929688,28447600,GOOG
2024-03-06,134.24000549316406,134.74000549316406,131.9499969482422,132.55999755859375,132.55999755859375,23175200,GOOG
2024-03-07,133.88999938964844,135.82000732421875,132.66000366210938,135.24000549316406,135.24000549316406,24107300,GOOG
2024-03-08,135.03500366210938,138.98500061035156,134.8000030517578,136.2899932861328,136.2899932861328,26472400,GOOG
2024-03-11,137.07000732421875,139.97999572753906,137.07000732421875,138.94000244140625,138.94000244140625,22536400,GOOG
2024-03-12,138.25,140.27999877929688,138.2100067138672,139.6199951171875,139.6199951171875,19019700,GOOG
2024-03-13,140.05999755859375,142.19000244140625,140.00999450683594,140.77000427246094,140.77000427246094,19637000,GOOG
2024-03-14,142.3000030517578,144.72999572753906,141.48500061035156,144.33999633789062,144.33999633789062,36117900,GOOG
2024-03-15,143.41000366210938,144.33999633789062,141.1300048828125,142.1699981689453,142.1699981689453,41025900,GOOG
2024-03-18,149.3699951171875,152.92999267578125,148.13999938964844,148.47999572753906,148.47999572753906,47676700,GOOG
2024-03-19,148.97999572753906,149.6199951171875,147.00999450683594,147.9199981689453,147.9199981689453,17748400,GOOG
2024-03-20,148.7899932861328,149.75999450683594,147.6649932861328,149.67999267578125,149.67999267578125,17730000,GOOG
2024-03-21,150.32000732421875,151.30499267578125,148.00999450683594,148.74000549316406,148.74000549316406,19843900,GOOG
2024-03-22,150.24000549316406,152.55999755859375,150.08999633789062,151.77000427246094,151.77000427246094,19226300,GOOG
2024-03-25,150.9499969482422,151.45599365234375,148.8000030517578,151.14999389648438,151.14999389648438,15114700,GOOG
2024-03-26,151.24000549316406,153.1999969482422,151.02999877929688,151.6999969482422,151.6999969482422,19312700,GOOG
2024-03-27,152.14500427246094,152.69000244140625,150.1300048828125,151.94000244140625,151.94000244140625,16622000,GOOG
2024-03-28,152.0,152.6699981689453,151.3300018310547,152.25999450683594,152.25999450683594,21105600,GOOG
2024-01-02,250.0800018310547,251.25,244.41000366210938,248.4199981689453,248.4199981689453,104654200,TSLA
2024-01-03,244.97999572753906,245.67999267578125,236.32000732421875,238.4499969482422,238.4499969482422,121082600,TSLA
2024-01-04,239.25,242.6999969482422,237.72999572753906,237.92999267578125,237.92999267578125,102629300,TSLA
2024-01-05,236.86000061035156,240.1199951171875,234.89999389648438,237.49000549316406,237.49000549316406,92379400,TSLA
2024-01-08,236.13999938964844,241.25,235.3000030517578,240.4499969482422,240.4499969482422,85166600,TSLA
2024-01-09,238.11000061035156,238.9600067138672,232.0399932861328,234.9600067138672,234.9600067138672,96705700,TSLA
2024-01-10,235.10000610351562,235.5,231.2899932861328,233.94000244140625,233.94000244140625,91628500,TSLA
2024-01-11,230.57000732421875,230.92999267578125,225.3699951171875,227.22000122070312,227.22000122070312,105873600,TSLA
2024-01-12,220.0800018310547,225.33999633789062,217.14999389648438,218.88999938964844,218.88999938964844,122889000,TSLA
2024-01-16,215.10000610351562,223.49000549316406,212.17999267578125,219.91000366210938,219.91000366210938,115355000,TSLA
2024-01-17,214.86000061035156,215.6699981689453,212.00999450683594,215.5500030517578,215.5500030517578,103164400,TSLA
2024-01-18,216.8800048828125,217.4499969482422,208.74000549316406,211.8800048828125,211.8800048828125,108595400,TSLA
2024-01-19,209.99000549316406,213.19000244140625,207.55999755859375,212.19000244140625,212.19000244140625,102095800,TSLA
2024-01-22,212.25999450683594,217.8000030517578,206.27000427246094,208.8000030517578,208.8000030517578,117952500,TSLA
2024-01-23,211.3000030517578,215.64999389648438,207.75,209.13999938964844,209.13999938964844,106605900,TSLA
2024-01-24,211.8800048828125,212.72999572753906,206.77000427246094,207.8300018310547,207.8300018310547,123369900,TSLA
2024-01-25,189.6999969482422,193.0,180.05999755859375,182.6300048828125,182.6300048828125,198076800,TSLA
2024-01-26,185.5,186.77999877929688,182.10000610351562,183.25,183.25,107343200,TSLA
2024-01-29,185.6300048828125,191.47999572753906,183.6699981689453,190.92999267578125,190.92999267578125,125013100,TSLA
2024-01-30,195.3300018310547,196.36000061035156,190.61000061035156,191.58999633789062,191.58999633789062,109982300,TSLA
2024-01-31,187.0,193.97000122070312,185.85000610351562,187.2899932861328,187.2899932861328,103221400,TSLA
2024-02-01,188.5,189.8800048828125,184.27999877929688,188.86000061035156,188.86000061035156,91843300,TSLA
2024-02-02,185.0399932861328,188.69000244140625,182.0,187.91000366210938,187.91000366210938,110505100,TSLA
2024-02-05,184.25999450683594,184.67999267578125,175.00999450683594,181.05999755859375,181.05999755859375,134294400,TSLA
2024-02-06,177.2100067138672,186.49000549316406,177.11000061035156,185.10000610351562,185.10000610351562,122676000,TSLA
2024-02-07,188.17999267578125,189.7899932861328,182.67999267578125,187.5800018310547,187.5800018310547,111535200,TSLA
2024-02-08,189.0,191.6199951171875,185.5800018310547,189.55999755859375,189.55999755859375,83034000,TSLA
2024-02-09,190.17999267578125,194.1199951171875,189.47999572753906,193.57000732421875,193.57000732421875,84476300,TSLA
2024-02-12,192.11000061035156,194.72999572753906,187.27999877929688,188.1300048828125,188.1300048828125,95498600,TSLA
2024-02-13,183.99000549316406,187.25999450683594,182.11000061035156,184.02000427246094,184.02000427246094,86759500,TSLA
2024-02-14,185.3000030517578,188.88999938964844,183.35000610351562,188.7100067138672,188.7100067138672,81203000,TSLA
2024-02-15,189.16000366210938,200.8800048828125,188.86000061035156,200.4499969482422,200.4499969482422,120831800,TSLA
2024-02-16,202.05999755859375,203.1699981689453,197.39999389648438,199.9499969482422,199.9499969482422,111173600,TSLA
2024-02-20,196.1300048828125,198.60000610351562,189.1300048828125,193.75999450683594,193.75999450683594,104545800,TSLA
2024-02-21,193.36000061035156,199.44000244140625,191.9499969482422,194.77000427246094,194.77000427246094,103844000,TSLA
2024-02-22,194.0,198.32000732421875,191.36000061035156,197.41000366210938,197.41000366210938,92739500,TSLA
2024-02-23,195.30999755859375,197.57000732421875,191.5,191.97000122070312,191.97000122070312,78841900,TSLA
2024-02-26,192.2899932861328,201.77999877929688,192.0,199.39999389648438,199.39999389648438,111747100,TSLA
2024-02-27,204.0399932861328,205.60000610351562,198.25999450683594,199.72999572753906,199.72999572753906,108645400,TSLA
2024-02-28,200.4199981689453,205.3000030517578,198.44000244140625,202.0399932861328,202.0399932861328,99806200,TSLA
2024-02-29,204.17999267578125,205.27999877929688,198.4499969482422,201.8800048828125,201.8800048828125,85907000,TSLA
2024-03-01,200.52000427246094,204.52000427246094,198.5,202.63999938964844,202.63999938964844,82099200,TSLA
2024-03-04,198.72999572753906,199.75,186.72000122070312,188.13999938964844,188.13999938964844,134334900,TSLA
2024-03-05,183.0500030517578,184.58999633789062,177.57000732421875,180.74000549316406,180.74000549316406,119660800,TSLA
2024-03-06,179.99000549316406,181.5800018310547,173.6999969482422,176.5399932861328,176.5399932861328,107920900,TSLA
2024-03-07,174.35000610351562,180.0399932861328,173.6999969482422,178.64999389648438,178.64999389648438,102129000,TSLA
2024-03-08,181.5,182.72999572753906,174.6999969482422,175.33999633789062,175.33999633789062,85315300,TSLA
2024-03-11,175.4499969482422,182.8699951171875,174.8000030517578,177.77000427246094,177.77000427246094,85391500,TSLA
2024-03-12,177.77000427246094,179.42999267578125,172.41000366210938,177.5399932861328,177.5399932861328,87391700,TSLA
2024-03-13,173.0500030517578,176.0500030517578,169.14999389648438,169.47999572753906,169.47999572753906,106524500,TSLA
2024-03-14,167.77000427246094,171.1699981689453,160.50999450683594,162.5,162.5,126325700,TSLA
2024-03-15,163.16000366210938,165.17999267578125,160.75999450683594,163.57000732421875,163.57000732421875,96971900,TSLA
2024-03-18,170.02000427246094,174.72000122070312,165.89999389648438,173.8000030517578,173.8000030517578,108214400,TSLA
2024-03-19,172.36000061035156,172.82000732421875,167.4199981689453,171.32000732421875,171.32000732421875,77271400,TSLA
2024-03-20,173.0,176.25,170.82000732421875,175.66000366210938,175.66000366210938,83846700,TSLA
2024-03-21,176.38999938964844,178.17999267578125,171.8000030517578,172.82000732421875,172.82000732421875,73178000,TSLA
2024-03-22,166.69000244140625,171.1999969482422,166.3000030517578,170.8300018310547,170.8300018310547,75454700,TSLA
2024-03-25,168.75999450683594,175.24000549316406,168.72999572753906,172.6300048828125,172.6300048828125,74228600,TSLA
2024-03-26,178.5800018310547,184.25,177.3800048828125,177.6699981689453,177.6699981689453,113186200,TSLA
2024-03-27,181.41000366210938,181.91000366210938,176.0,179.8300018310547,179.8300018310547,81804000,TSLA
2024-03-28,177.4499969482422,179.57000732421875,175.3000030517578,175.7899932861328,175.7899932861328,77654800,TSLA
2024-01-02,483.19000244140625,484.6499938964844,461.8599853515625,468.5,468.5,5049400,NFLX
2024-01-03,467.32000732421875,475.04998779296875,465.7699890136719,470.260009765625,470.260009765625,3443700,NFLX
2024-01-04,472.9800109863281,480.739990234375,466.5299987792969,474.6700134277344,474.6700134277344,3636500,NFLX
2024-01-05,476.5,479.54998779296875,471.79998779296875,474.05999755859375,474.05999755859375,2612500,NFLX
2024-01-08,473.8900146484375,485.239990234375,473.6499938964844,485.0299987792969,485.0299987792969,3675800,NFLX
2024-01-09,475.5299987792969,485.0899963378906,473.79998779296875,482.0899963378906,482.0899963378906,3526800,NFLX
2024-01-10,481.6000061035156,487.0,472.95001220703125,478.3299865722656,478.3299865722656,4342400,NFLX
2024-01-11,492.5400085449219,503.4100036621094,483.82000732421875,492.2300109863281,492.2300109863281,7993300,NFLX
2024-01-12,500.510009765625,500.7900085449219,490.6099853515625,492.1600036621094,492.1600036621094,4996600,NFLX
2024-01-16,490.0,494.1499938964844,478.0199890136719,481.239990234375,481.239990234375,4679000,NFLX
2024-01-17,484.5,486.2099914550781,475.260009765625,480.3299865722656,480.3299865722656,4894600,NFLX
2024-01-18,480.0299987792969,485.7699890136719,478.0199890136719,485.30999755859375,485.30999755859375,4054400,NFLX
2024-01-19,484.9800109863281,485.6700134277344,476.05999755859375,482.95001220703125,482.95001220703125,5665600,NFLX
2024-01-22,487.54998779296875,489.79998779296875,479.8999938964844,485.7099914550781,485.7099914550781,5212300,NFLX
2024-01-23,492.0,498.9599914550781,481.3999938964844,492.19000244140625,492.19000244140625,15506000,NFLX
2024-01-24,537.75,562.5,537.0700073242188,544.8699951171875,544.8699951171875,26432800,NFLX
2024-01-25,551.9500122070312,563.4600219726562,548.4600219726562,562.0,562.0,9451900,NFLX
2024-01-26,561.8099975585938,579.6400146484375,558.4299926757812,570.4199829101562,570.4199829101562,12770600,NFLX
2024-01-29,571.3499755859375,578.5499877929688,562.6799926757812,575.7899780273438,575.7899780273438,6905400,NFLX
2024-01-30,567.3200073242188,570.8800048828125,560.8200073242188,562.8499755859375,562.8499755859375,6181800,NFLX
2024-01-31,562.8499755859375,572.1500244140625,562.0399780273438,564.1099853515625,564.1099853515625,4857600,NFLX
2024-02-01,567.02001953125,572.6599731445312,563.8300170898438,567.510009765625,567.510009765625,3174000,NFLX
2024-02-02,564.52001953125,567.7999877929688,562.3699951171875,564.6400146484375,564.6400146484375,4030800,NFLX
2024-02-05,562.469970703125,575.75,557.2000122070312,562.0599975585938,562.0599975585938,4143100,NFLX
2024-02-06,564.1199951171875,566.3400268554688,554.3699951171875,555.8800048828125,555.8800048828125,2840300,NFLX
2024-02-07,558.1599731445312,567.7999877929688,554.97998046875,559.2999877929688,559.2999877929688,4373600,NFLX
2024-02-08,560.5499877929688,563.7000122070312,555.739990234375,558.530029296875,558.530029296875,3175500,NFLX
2024-02-09,565.0,566.0,558.0999755859375,561.3200073242188,561.3200073242188,3055700,NFLX
2024-02-12,560.3599853515625,568.4400024414062,557.0,557.8499755859375,557.8499755859375,3608500,NFLX
2024-02-13,550.7999877929688,559.2000122070312,549.0,554.52001953125,554.52001953125,3511500,NFLX
2024-02-14,567.260009765625,581.25,564.3400268554688,579.3300170898438,579.3300170898438,5634200,NFLX
2024-02-15,581.9099731445312,593.77001953125,580.3200073242188,593.4600219726562,593.4600219726562,5220900,NFLX
2024-02-16,596.9500122070312,597.0,577.4600219726562,583.9500122070312,583.9500122070312,4323600,NFLX
2024-02-20,580.1799926757812,586.0,569.6599731445312,575.1300048828125,575.1300048828125,3124200,NFLX
2024-02-21,573.510009765625,575.780029296875,567.3200073242188,573.3499755859375,573.3499755859375,2281100,NFLX
2024-02-22,582.75,590.8499755859375,578.8900146484375,588.469970703125,588.469970703125,3526600,NFLX
2024-02-23,586.4000244140625,592.4299926757812,579.8200073242188,583.5599975585938,583.5599975585938,2568900,NFLX
2024-02-26,583.5599975585938,590.75,583.27001953125,587.6500244140625,587.6500244140625,2393700,NFLX
2024-02-27,595.0,605.3599853515625,592.3300170898438,601.6699829101562,601.6699829101562,4489400,NFLX
2024-02-28,595.7899780273438,598.1699829101562,590.010009765625,596.47998046875,596.47998046875,2605200,NFLX
2024-02-29,604.25,604.52001953125,595.1599731445312,602.9199829101562,602.9199829101562,3572100,NFLX
2024-03-01,599.8099975585938,620.280029296875,599.5,619.3400268554688,619.3400268554688,4264200,NFLX
2024-03-04,621.5599975585938,624.4199829101562,615.0800170898438,615.8300170898438,615.8300170898438,3020300,NFLX
2024-03-05,610.0999755859375,610.9099731445312,592.0,598.5,598.5,3849600,NFLX
2024-03-06,602.989990234375,607.9299926757812,593.5599975585938,597.6900024414062,597.6900024414062,2469600,NFLX
2024-03-07,599.3400268554688,610.530029296875,595.9000244140625,608.510009765625,608.510009765625,2742800,NFLX
2024-03-08,608.27001953125,616.0900268554688,600.8400268554688,604.8200073242188,604.8200073242188,2774600,NFLX
2024-03-11,608.0800170898438,611.0,600.3699951171875,600.9299926757812,600.9299926757812,2500900,NFLX
2024-03-12,600.2100219726562,615.2999877929688,596.27001953125,611.0800170898438,611.0800170898438,2821600,NFLX
2024-03-13,613.3699951171875,614.8499755859375,607.2100219726562,609.4500122070312,609.4500122070312,2192100,NFLX
2024-03-14,615.0,620.7999877929688,607.3499755859375,613.010009765625,613.010009765625,3120500,NFLX
2024-03-15,622.9199829101562,622.9199829101562,603.8200073242188,605.8800048828125,605.8800048828125,6670900,NFLX
2024-03-18,613.5599975585938,627.4099731445312,610.4500122070312,618.3900146484375,618.3900146484375,3344200,NFLX
2024-03-19,615.6199951171875,621.280029296875,608.0,620.739990234375,620.739990234375,2142600,NFLX
2024-03-20,619.9500122070312,629.510009765625,618.3400268554688,627.6900024414062,627.6900024414062,2639500,NFLX
2024-03-21,630.6500244140625,634.3599853515625,622.3300170898438,622.7100219726562,622.7100219726562,2507700,NFLX
2024-03-22,624.1599731445312,629.0499877929688,621.0,628.010009765625,628.010009765625,2134100,NFLX
2024-03-25,627.9000244140625,630.4600219726562,623.1599731445312,627.4600219726562,627.4600219726562,1803300,NFLX
2024-03-26,625.2000122070312,634.3900146484375,619.1799926757812,629.239990234375,629.239990234375,2804500,NFLX
2024-03-27,629.010009765625,631.3499755859375,610.72998046875,613.530029296875,613.530029296875,2628300,NFLX
2024-03-28,614.989990234375,615.0,601.5900268554688,607.3300170898438,607.3300170898438,3708800,NFLX
2024-01-02,351.32000732421875,353.1600036621094,340.010009765625,346.2900085449219,345.9229736328125,19042200,META
2024-01-03,344.9800109863281,347.95001220703125,343.17999267578125,344.4700012207031,344.1048889160156,15451100,META
2024-01-04,344.5,348.1499938964844,343.3999938964844,347.1199951171875,346.7520751953125,12099900,META
2024-01-05,346.989990234375,353.5,346.260009765625,351.95001220703125,351.5769958496094,13920700,META
2024-01-08,354.70001220703125,358.9800109863281,352.04998779296875,358.6600036621094,358.2798767089844,13890200,META
2024-01-09,356.3999938964844,360.6400146484375,355.3599853515625,357.42999267578125,357.0511474609375,13463900,META
2024-01-10,360.1700134277344,372.94000244140625,359.0799865722656,370.4700012207031,370.07733154296875,22117200,META
2024-01-11,372.1300048828125,372.7799987792969,362.92999267578125,369.6700134277344,369.2781982421875,17205400,META
2024-01-12,370.1600036621094,377.05999755859375,369.5400085449219,374.489990234375,374.09307861328125,19295700,META
2024-01-16,373.6499938964844,375.6099853515625,367.2300109863281,367.4599914550781,367.0705261230469,15306900,META
2024-01-17,366.29998779296875,368.5400085449219,358.6099853515625,368.3699951171875,367.97955322265625,12724800,META
2024-01-18,371.489990234375,376.8500061035156,370.95001220703125,376.1300048828125,375.7313537597656,16354300,META
2024-01-19,379.0,384.3599853515625,377.9700012207031,383.45001220703125,383.0436096191406,21470100,META
2024-01-22,387.95001220703125,390.3500061035156,381.1600036621094,381.7799987792969,381.3753662109375,17680500,META
2024-01-23,384.6199951171875,388.3800048828125,382.0799865722656,385.20001220703125,384.791748046875,15506100,META
2024-01-24,390.0,396.1499938964844,387.80999755859375,390.70001220703125,390.2859191894531,15698500,META
2024-01-25,390.1700134277344,395.489990234375,385.6600036621094,393.17999267578125,392.7632751464844,15091100,META
2024-01-26,394.3500061035156,396.7900085449219,391.5899963378906,394.1400146484375,393.7222595214844,13163700,META
2024-01-29,394.989990234375,402.92999267578125,393.1000061035156,401.0199890136719,400.5949401855469,18742400,META
2024-01-30,403.5899963378906,406.3599853515625,399.57000732421875,400.05999755859375,399.635986328125,18614700,META
2024-01-31,389.0,398.0,387.1000061035156,390.1400146484375,389.72650146484375,20180800,META
2024-02-01,393.94000244140625,400.5,393.04998779296875,394.7799987792969,394.361572265625,29727100,META
2024-02-02,459.6000061035156,485.9599914550781,453.010009765625,474.989990234375,474.4865417480469,84615500,META
2024-02-05,469.8800048828125,471.8999938964844,459.2200012207031,459.4100036621094,458.9230651855469,40832400,META
2024-02-06,464.0,467.1199951171875,453.0,454.7200012207031,454.238037109375,21655200,META
2024-02-07,458.0,471.5199890136719,456.17999267578125,469.5899963378906,469.09228515625,23066000,META
2024-02-08,468.32000732421875,470.5899963378906,465.0299987792969,470.0,469.5018615722656,18815100,META
2024-02-09,472.95001220703125,473.5899963378906,467.4700012207031,468.1099853515625,467.61383056640625,18413100,META
2024-02-12,468.19000244140625,479.1499938964844,466.5799865722656,468.8999938964844,468.40301513671875,19382000,META
2024-02-13,456.8699951171875,467.8900146484375,455.0899963378906,460.1199951171875,459.63232421875,20916600,META
2024-02-14,467.92999267578125,474.1099853515625,466.0899963378906,473.2799987792969,472.77838134765625,16858400,META
2024-02-15,475.2799987792969,488.6199951171875,472.2200012207031,484.0299987792969,483.5169677734375,24212300,META
2024-02-16,478.1099853515625,478.9599914550781,469.2099914550781,473.32000732421875,472.8183288574219,23306500,META
2024-02-20,469.7200012207031,476.17999267578125,466.55999755859375,471.75,471.25,18015500,META
2024-02-21,466.5,469.0,461.7900085449219,468.0299987792969,468.0299987792969,12977100,META
2024-02-22,480.239990234375,489.989990234375,476.05999755859375,486.1300048828125,486.1300048828125,21625800,META
2024-02-23,488.04998779296875,494.3599853515625,482.3500061035156,484.0299987792969,484.0299987792969,18374300,META
2024-02-26,483.4700012207031,486.1400146484375,480.6000061035156,481.739990234375,481.739990234375,12101400,META
2024-02-27,479.9800109863281,487.2699890136719,479.9200134277344,487.04998779296875,487.04998779296875,10809600,META
2024-02-28,485.0,491.04998779296875,482.75,484.0199890136719,484.0199890136719,12715500,META
2024-02-29,488.44000244140625,491.70001220703125,482.6099853515625,490.1300048828125,490.1300048828125,17732000,META
2024-03-01,492.1099853515625,504.25,491.8500061035156,502.29998779296875,502.29998779296875,16273600,META
2024-03-04,503.0,504.4200134277344,496.4200134277344,498.19000244140625,498.19000244140625,12324100,META
2024-03-05,495.0,495.5799865722656,487.8900146484375,490.2200012207031,490.2200012207031,15325300,META
2024-03-06,497.6300048828125,502.9700012207031,494.2900085449219,496.0899963378906,496.0899963378906,11757900,META
2024-03-07,503.2799987792969,519.8499755859375,501.3800048828125,512.1900024414062,512.1900024414062,18586400,META
2024-03-08,514.1900024414062,523.5700073242188,499.3500061035156,505.95001220703125,505.95001220703125,18575200,META
2024-03-11,497.010009765625,497.32000732421875,476.0,483.5899963378906,483.5899963378906,20428300,META
2024-03-12,493.260009765625,502.30999755859375,484.7300109863281,499.75,499.75,15448200,META
2024-03-13,495.3900146484375,500.9800109863281,491.0299987792969,495.57000732421875,495.57000732421875,12090700,META
2024-03-14,500.260009765625,501.3500061035156,488.1600036621094,491.8299865722656,491.8299865722656,12620000,META
2024-03-15,489.010009765625,491.8299865722656,481.29998779296875,484.1000061035156,484.1000061035156,29141700,META
2024-03-18,491.9100036621094,497.4200134277344,486.80999755859375,496.9800109863281,496.9800109863281,11755300,META
2024-03-19,488.1700134277344,496.6300048828125,481.2799987792969,496.239990234375,496.239990234375,10903100,META
2024-03-20,499.5,508.20001220703125,495.1700134277344,505.5199890136719,505.5199890136719,11711100,META
2024-03-21,514.7100219726562,515.0399780273438,506.010009765625,507.760009765625,507.760009765625,9712500,META
2024-03-22,507.0,509.9700012207031,504.3399963378906,509.5799865722656,509.5799865722656,8117000,META
2024-03-25,505.7900085449219,507.2200012207031,500.239990234375,503.0199890136719,503.0199890136719,8380600,META
2024-03-26,505.1300048828125,510.0,495.2099914550781,495.8900146484375,495.8900146484375,11205400,META
2024-03-27,499.29998779296875,499.8900146484375,488.07000732421875,493.8599853515625,493.8599853515625,9989700,META
2024-03-28,492.8399963378906,492.8900146484375,485.1499938964844,485.5799865722656,485.5799865722656,15212800,META
2024-01-02,589.510009765625,590.4400024414062,576.760009765625,580.0700073242188,580.0700073242188,2840200,ADBE
2024-01-03,574.5800170898438,577.2999877929688,570.1900024414062,571.7899780273438,571.7899780273438,2478000,ADBE
2024-01-04,570.989990234375,572.9099731445312,566.6599731445312,567.0499877929688,567.0499877929688,2092100,ADBE
2024-01-05,563.5,569.52001953125,563.3400268554688,564.5999755859375,564.5999755859375,1922900,ADBE
2024-01-08,567.8699951171875,581.510009765625,567.8699951171875,580.5499877929688,580.5499877929688,2830000,ADBE
2024-01-09,578.3300170898438,588.2000122070312,577.280029296875,586.2000122070312,586.2000122070312,1926900,ADBE
2024-01-10,585.4299926757812,593.6500244140625,585.4299926757812,591.030029296875,591.030029296875,2135700,ADBE
2024-01-11,592.0,597.8400268554688,584.52001953125,597.489990234375,597.489990234375,2331800,ADBE
2024-01-12,598.3900146484375,599.3800048828125,593.02001953125,596.5399780273438,596.5399780273438,1477000,ADBE
2024-01-16,592.8300170898438,597.760009765625,588.3400268554688,597.6799926757812,597.6799926757812,2126100,ADBE
2024-01-17,591.989990234375,596.75,582.4400024414062,596.0999755859375,596.0999755859375,2588300,ADBE
2024-01-18,586.9000244140625,596.8900146484375,584.2100219726562,593.7000122070312,593.7000122070312,2793600,ADBE
2024-01-19,593.8099975585938,612.0700073242188,589.1300048828125,611.5499877929688,611.5499877929688,3760100,ADBE
2024-01-22,615.0,620.9600219726562,603.1500244140625,603.5900268554688,603.5900268554688,4488000,ADBE
2024-01-23,602.2100219726562,604.3200073242188,591.3400268554688,597.1799926757812,597.1799926757812,2723500,ADBE
2024-01-24,601.7100219726562,616.9500122070312,597.4600219726562,606.47998046875,606.47998046875,2999000,ADBE
2024-01-25,615.4199829101562,627.0599975585938,612.239990234375,622.5800170898438,622.5800170898438,3806200,ADBE
2024-01-26,620.7000122070312,622.5,613.0,613.9299926757812,613.9299926757812,2137800,ADBE
2024-01-29,615.7100219726562,636.25,615.7100219726562,630.22998046875,630.22998046875,3212200,ADBE
2024-01-30,630.0,630.469970703125,620.8900146484375,627.9600219726562,627.9600219726562,2007400,ADBE
2024-01-31,620.0,625.9299926757812,612.1699829101562,617.780029296875,617.780029296875,2666800,ADBE
2024-02-01,619.0,628.7999877929688,618.780029296875,627.9099731445312,627.9099731445312,1687600,ADBE
2024-02-02,624.7899780273438,638.25,617.010009765625,634.760009765625,634.760009765625,2542200,ADBE
2024-02-05,633.030029296875,634.5900268554688,624.5399780273438,630.5,630.5,2131200,ADBE
2024-02-06,625.5800170898438,626.4600219726562,604.6699829101562,607.1400146484375,607.1400146484375,3436200,ADBE
2024-02-07,613.25,620.4199829101562,610.1500244140625,615.8499755859375,615.8499755859375,2313800,ADBE
2024-02-08,615.8499755859375,621.3400268554688,612.510009765625,615.8599853515625,615.8599853515625,1815700,ADBE
2024-02-09,616.0,628.0700073242188,615.7999877929688,627.2100219726562,627.2100219726562,2091400,ADBE
2024-02-12,626.0,626.3499755859375,611.5800170898438,611.8400268554688,611.8400268554688,2317200,ADBE
2024-02-13,596.7000122070312,608.3900146484375,590.0,601.8900146484375,601.8900146484375,2985200,ADBE
2024-02-14,605.8499755859375,610.3300170898438,602.5,604.6599731445312,604.6599731445312,1615100,ADBE
2024-02-15,606.0,607.3200073242188,589.77001953125,590.4400024414062,590.4400024414062,3677400,ADBE
2024-02-16,589.9000244140625,590.1400146484375,546.3699951171875,546.6599731445312,546.6599731445312,10323000,ADBE
2024-02-20,531.5,545.8800048828125,528.010009765625,541.9099731445312,541.9099731445312,6567600,ADBE
2024-02-21,539.760009765625,542.5700073242188,529.3699951171875,538.52001953125,538.52001953125,4493500,ADBE
2024-02-22,553.9400024414062,555.5499877929688,534.5599975585938,537.5700073242188,537.5700073242188,5023400,ADBE
2024-02-23,543.489990234375,557.1799926757812,541.47998046875,553.4400024414062,553.4400024414062,4546500,ADBE
2024-02-26,556.5599975585938,570.5999755859375,556.5599975585938,560.47998046875,560.47998046875,4251200,ADBE
2024-02-27,565.9099731445312,565.9099731445312,548.5399780273438,552.489990234375,552.489990234375,3247600,ADBE
2024-02-28,552.0,557.2000122070312,549.760009765625,551.8200073242188,551.8200073242188,2313200,ADBE
2024-02-29,554.8900146484375,561.9400024414062,553.22998046875,560.280029296875,560.280029296875,3844400,ADBE
2024-03-01,561.1099853515625,572.8900146484375,560.6699829101562,570.9299926757812,570.9299926757812,2903700,ADBE
2024-03-04,572.8499755859375,576.25,564.0999755859375,567.9400024414062,567.9400024414062,2556400,ADBE
2024-03-05,562.5999755859375,564.1900024414062,539.3499755859375,544.8400268554688,544.8400268554688,4286800,ADBE
2024-03-06,548.0,550.6400146484375,538.1500244140625,543.0900268554688,543.0900268554688,3209800,ADBE
2024-03-07,550.0,558.3800048828125,541.5900268554688,556.0399780273438,556.0399780273438,2660500,ADBE
2024-03-08,553.0,560.4400024414062,550.510009765625,551.6900024414062,551.6900024414062,2831100,ADBE
2024-03-11,552.4500122070312,562.6900024414062,551.02001953125,560.4199829101562,560.4199829101562,2857800,ADBE
2024-03-12,568.5999755859375,579.7899780273438,562.5999755859375,579.1400146484375,579.1400146484375,3469200,ADBE
2024-03-13,579.0599975585938,585.3499755859375,573.4099731445312,573.5499877929688,573.5499877929688,3466000,ADBE
2024-03-14,578.0,579.5399780273438,568.760009765625,570.4500122070312,570.4500122070312,5908100,ADBE
2024-03-15,499.6400146484375,503.1300048828125,485.0,492.4599914550781,492.4599914550781,19570500,ADBE
2024-03-18,495.54998779296875,515.72998046875,495.54998779296875,513.8599853515625,513.8599853515625,7052700,ADBE
2024-03-19,509.8900146484375,522.6799926757812,508.989990234375,521.1900024414062,521.1900024414062,7081800,ADBE
2024-03-20,523.2899780273438,523.8699951171875,512.5,519.1400146484375,519.1400146484375,4239600,ADBE
2024-03-21,517.5999755859375,519.72998046875,506.20001220703125,511.25,511.25,5206600,ADBE
2024-03-22,509.07000732421875,511.5899963378906,496.6700134277344,499.5199890136719,499.5199890136719,5410300,ADBE
2024-03-25,496.7900085449219,510.6300048828125,496.69000244140625,507.2300109863281,507.2300109863281,4277000,ADBE
2024-03-26,508.05999755859375,512.7899780273438,503.5899963378906,507.6000061035156,507.6000061035156,2813300,ADBE
2024-03-27,515.469970703125,516.8599853515625,499.70001220703125,504.3999938964844,504.3999938964844,4228400,ADBE
2024-03-28,508.1199951171875,509.0,500.260009765625,504.6000061035156,504.6000061035156,3897000,ADBE
